Block Size,CPUCompactWithScan,CPUCompactWithoutuScan,CPUScan,EfficientBankOptimizedSharedMemScan,EfficientCompact,EfficientScan,EfficientSharedMemScan,NaiveScan,RadixSort,ThrustScan
64,3.9045,1.82854,0.29676,,0.481744,0.951005,,0.547853,0.638733,
128,3.67721,2.09129,0.28057,,0.490736,0.943344,,0.384598,0.373843,
256,439.386,151.334,33.1646,0.0027392,34.6541,25.291,0.0029728,79.3013,93.8617,2.72899
512,4.62702,2.53397,0.28999,,0.559203,1.09746,,0.340048,0.595139,
1024,4.39755,1.98094,0.41882,,0.533606,1.0962,,0.499978,0.465843,
